[
  {
    "browser": "chrome",
    "browser_version": "29.0",
    "device": null,
    "os": "Windows",
    "os_version": "8"
  },
  {
    "browser": "safari",
    "browser_version": "5.1",
    "device": null,
    "os": "OS X",
    "os_version": "Snow Leopard"
  },
  {
    "browser": "safari",
    "browser_version": "6.0",
    "device": null,
    "os": "OS X",
    "os_version": "Mountain Lion"
  },
  {
    "browser": "firefox",
    "browser_version": "24.0",
    "device": null,
    "os": "Windows",
    "os_version": "8"
  },
  {
    "browser": "ie",
    "browser_version": "8.0",
    "device": null,
    "os": "Windows",
    "os_version": "7"
  },
  {
    "browser": "ie",
    "browser_version": "7.0",
    "device": null,
    "os": "Windows",
    "os_version": "XP"
  },
  {
    "browser": "chrome",
    "browser_version": "29.0",
    "device": null,
    "os": "OS X",
    "os_version": "Mountain Lion"
  },
  {
    "browserName": "iPad",
    "platform": "MAC",
    "device": "iPad 3rd (6.0)"
  }
]
